date,account_equity,portfolio_return_pct,spy_price,spy_return_pct,n_positions,beats_found,buys,sells
2026-08-26,100096.19,0.0010,764.75,0.0311,1,3,2,0
2026-08-28,100171.09,0.0017,771.18,0.0398,2,3,3,0
2026-08-29,100380.88,0.0038,769.28,0.0372,5,2,1,0
2026-08-31,99330.26,-0.0067,766.87,0.0340,6,0,0,0
2026-09-01,98145.55,-0.0185,759.53,0.0241,6,0,0,0
2026-09-02,98039.70,-0.0196,764.95,0.0314,6,0,0,0
2026-09-03,100038.68,0.0004,773.73,0.0432,6,0,0,0
2026-09-04,97319.79,-0.0268,769.90,0.0381,8,2,2,0
2026-09-07,97150.29,-0.0285,770.18,0.0384,8,0,0,5
2026-09-08,95009.06,-0.0499,766.97,0.0341,2,0,0,0
2026-09-09,95137.24,-0.0486,762.97,0.0287,2,0,0,0
2026-09-10,93842.25,-0.0616,757.74,0.0217,2,1,1,0
2026-09-11,93675.97,-0.0632,765.27,0.0318,4,1,1,0
2026-09-14,98324.73,-0.0168,760.99,0.0260,3,0,0,2
